{
  "experiment_name": "student_quantized_cassava_pertensor",
  "mode": "post_training_static",
  "backend": "fbgemm",
  "model_name": "mobilenet_v3_small",
  "num_classes": 5,
  "class_names": [
    "Cassava___bacterial_blight",
    "Cassava___brown_streak_disease",
    "Cassava___green_mottle",
    "Cassava___healthy",
    "Cassava___mosaic_disease"
  ],
  "parameters": 1522981,
  "per_channel": false,
  "calibration_seed": 1234,
  "calibration_images": 1024,
  "modules_held_in_float": [],
  "quantized_modules": {},
  "float32": {
    "accuracy": 0.8423184792770333,
    "macro_precision": 0.7431040024765992,
    "macro_recall": 0.7041807252665453,
    "macro_f1": 0.7187127451815494,
    "weighted_precision": 0.842512034216679,
    "weighted_recall": 0.8423184792770333,
    "weighted_f1": 0.8408057981650211,
    "classification_report": {
      "Cassava___bacterial_blight": {
        "precision": 0.6666666666666666,
        "recall": 0.4645161290322581,
        "f1-score": 0.5475285171102662,
        "support": 155.0
      },
      "Cassava___brown_streak_disease": {
        "precision": 0.7925925925925926,
        "recall": 0.6970684039087948,
        "f1-score": 0.7417677642980935,
        "support": 307.0
      },
      "Cassava___green_mottle": {
        "precision": 0.7066666666666667,
        "recall": 0.701058201058201,
        "f1-score": 0.703851261620186,
        "support": 378.0
      },
      "Cassava___healthy": {
        "precision": 0.6157303370786517,
        "recall": 0.7116883116883117,
        "f1-score": 0.6602409638554216,
        "support": 385.0
      },
      "Cassava___mosaic_disease": {
        "precision": 0.9338637493784187,
        "recall": 0.9465725806451613,
        "f1-score": 0.9401752190237798,
        "support": 1984.0
      },
      "accuracy": 0.8423184792770333,
      "macro avg": {
        "precision": 0.7431040024765992,
        "recall": 0.7041807252665453,
        "f1-score": 0.7187127451815494,
        "support": 3209.0
      },
      "weighted avg": {
        "precision": 0.842512034216679,
        "recall": 0.8423184792770333,
        "f1-score": 0.8408057981650211,
        "support": 3209.0
      }
    },
    "latency_ms": 27.208748000848573,
    "size_mb": 5.933481216430664
  },
  "quantized": {
    "accuracy": 0.12028669367404175,
    "macro_precision": 0.05258903309830691,
    "macro_recall": 0.20104742163374084,
    "macro_f1": 0.047625250081616596,
    "weighted_precision": 0.02807448786892604,
    "weighted_recall": 0.12028669367404175,
    "weighted_f1": 0.027988756572124577,
    "classification_report": {
      "Cassava___bacterial_blight": {
        "precision": 0.0,
        "recall": 0.0,
        "f1-score": 0.0,
        "support": 155.0
      },
      "Cassava___brown_streak_disease": {
        "precision": 0.14285714285714285,
        "recall": 0.013029315960912053,
        "f1-score": 0.023880597014925373,
        "support": 307.0
      },
      "Cassava___green_mottle": {
        "precision": 0.0,
        "recall": 0.0,
        "f1-score": 0.0,
        "support": 378.0
      },
      "Cassava___healthy": {
        "precision": 0.1200880226343917,
        "recall": 0.9922077922077922,
        "f1-score": 0.2142456533931576,
        "support": 385.0
      },
      "Cassava___mosaic_disease": {
        "precision": 0.0,
        "recall": 0.0,
        "f1-score": 0.0,
        "support": 1984.0
      },
      "accuracy": 0.12028669367404175,
      "macro avg": {
        "precision": 0.05258903309830691,
        "recall": 0.20104742163374084,
        "f1-score": 0.047625250081616596,
        "support": 3209.0
      },
      "weighted avg": {
        "precision": 0.02807448786892604,
        "recall": 0.12028669367404175,
        "f1-score": 0.027988756572124577,
        "support": 3209.0
      }
    },
    "latency_ms": 60.01385400100844,
    "size_mb": 7.275007247924805,
    "simulated": true
  },
  "accuracy_delta": -0.7220317856029915,
  "latency_speedup": 0.4533744491795406,
  "size_reduction": 0.815597980073929
}