{
  "image_size": 224,
  "warmup": 300,
  "iters": 300,
  "repeats": 5,
  "cpu_threads": 8,
  "cuda_device": "NVIDIA GeForce RTX 4070 Laptop GPU",
  "models": {
    "ResNet50 (teacher)": {
      "model_name": "resnet50",
      "parameters": 23518277,
      "devices": {
        "cpu": {
          "median_ms": 67.29414999972505,
          "iqr_ms": 3.2975500000702596,
          "p95_ms": 72.4104000000807,
          "min_ms": 61.8387000004077,
          "between_run_median_spread_ms": 3.43269999984841,
          "spread_as_fraction_of_median": 0.05101037757163788,
          "reliable": true,
          "repeat_medians_ms": [
            65.202,
            66.949,
            67.237,
            68.357,
            68.635
          ],
          "n_samples": 1500
        },
        "cuda": {
          "median_ms": 4.241549999733252,
          "iqr_ms": 0.29002499991293007,
          "p95_ms": 6.777900000088266,
          "min_ms": 3.7169999995967373,
          "between_run_median_spread_ms": 0.13169999965612078,
          "spread_as_fraction_of_median": 0.031049969861112872,
          "reliable": true,
          "repeat_medians_ms": [
            4.197,
            4.232,
            4.328,
            4.208,
            4.246
          ],
          "n_samples": 1500
        }
      }
    },
    "EfficientNet-B2 (teacher)": {
      "model_name": "efficientnet_b2",
      "parameters": 7708039,
      "devices": {
        "cpu": {
          "median_ms": 32.36520000018572,
          "iqr_ms": 3.2024500001170964,
          "p95_ms": 35.83290000005945,
          "min_ms": 29.375300000538118,
          "between_run_median_spread_ms": 3.6027999999532767,
          "spread_as_fraction_of_median": 0.11131709366642574,
          "reliable": false,
          "repeat_medians_ms": [
            31.363,
            30.921,
            31.317,
            34.153,
            34.524
          ],
          "n_samples": 1500
        },
        "cuda": {
          "median_ms": 7.876799999849027,
          "iqr_ms": 0.5312500004492904,
          "p95_ms": 8.850700000039069,
          "min_ms": 7.278699999915261,
          "between_run_median_spread_ms": 0.1587999995535938,
          "spread_as_fraction_of_median": 0.020160471201076263,
          "reliable": true,
          "repeat_medians_ms": [
            7.948,
            7.823,
            7.906,
            7.789,
            7.875
          ],
          "n_samples": 1500
        }
      }
    },
    "ViT-B/16 (teacher)": {
      "model_name": "vit_b_16",
      "parameters": 85802501,
      "devices": {
        "cpu": {
          "median_ms": 116.36295000016617,
          "iqr_ms": 8.17460000007486,
          "p95_ms": 123.80470000061905,
          "min_ms": 104.3878999998924,
          "between_run_median_spread_ms": 9.850850000020728,
          "spread_as_fraction_of_median": 0.08465624152710688,
          "reliable": true,
          "repeat_medians_ms": [
            118.944,
            119.17,
            116.138,
            111.028,
            109.319
          ],
          "n_samples": 1500
        },
        "cuda": {
          "median_ms": 6.145000000287837,
          "iqr_ms": 0.1278250003906578,
          "p95_ms": 6.369499999891559,
          "min_ms": 5.83340000048338,
          "between_run_median_spread_ms": 0.2853999999388179,
          "spread_as_fraction_of_median": 0.04644426361683475,
          "reliable": true,
          "repeat_medians_ms": [
            5.993,
            6.126,
            6.14,
            6.162,
            6.279
          ],
          "n_samples": 1500
        }
      }
    },
    "MobileNetV3-Small (student)": {
      "model_name": "mobilenet_v3_small",
      "parameters": 1522981,
      "devices": {
        "cpu": {
          "median_ms": 12.610249999852385,
          "iqr_ms": 0.7802250004260713,
          "p95_ms": 14.689999999973224,
          "min_ms": 10.382500000559958,
          "between_run_median_spread_ms": 0.5999999993946403,
          "spread_as_fraction_of_median": 0.04758034134150107,
          "reliable": true,
          "repeat_medians_ms": [
            12.588,
            12.644,
            12.496,
            13.034,
            12.434
          ],
          "n_samples": 1500
        },
        "cuda": {
          "median_ms": 3.73985000032917,
          "iqr_ms": 0.31812499923944415,
          "p95_ms": 4.230999999890628,
          "min_ms": 3.2780000001366716,
          "between_run_median_spread_ms": 0.20360000007713097,
          "spread_as_fraction_of_median": 0.0544406861396074,
          "reliable": true,
          "repeat_medians_ms": [
            3.837,
            3.676,
            3.673,
            3.876,
            3.697
          ],
          "n_samples": 1500
        },
        "cpu_dynamic_int8": {
          "median_ms": 14.816350000273815,
          "iqr_ms": 1.3564750001933135,
          "p95_ms": 16.370700000152283,
          "min_ms": 9.840900000199326,
          "between_run_median_spread_ms": 0.5081999997855746,
          "spread_as_fraction_of_median": 0.03429994565302404,
          "reliable": true,
          "repeat_medians_ms": [
            14.894,
            14.935,
            14.95,
            14.716,
            14.441
          ],
          "n_samples": 1500
        }
      }
    }
  },
  "external_cpu_load_percent_mean": 0.8383333333333334,
  "external_cpu_load_percent_max": 3.9350000000000005,
  "machine_quiet": true,
  "all_reliable": false,
  "unreliable_rows": [
    "EfficientNet-B2 (teacher) [cpu]"
  ],
  "reliability_tolerance": 0.1
}