{
  "image_size": 224,
  "warmup": 300,
  "iters": 300,
  "repeats": 5,
  "cpu_threads": 8,
  "cuda_device": "NVIDIA GeForce RTX 4070 Laptop GPU",
  "models": {
    "ResNet50 (teacher)": {
      "model_name": "resnet50",
      "parameters": 23518277,
      "devices": {
        "cpu": {
          "median_ms": 100.34920000180136,
          "iqr_ms": 6.495149995316751,
          "p95_ms": 112.25720000220463,
          "min_ms": 89.31650000158697,
          "between_run_median_spread_ms": 5.397000000812113,
          "repeat_medians_ms": [
            97.302,
            100.013,
            99.775,
            102.699,
            101.772
          ],
          "n_samples": 1500
        },
        "cuda": {
          "median_ms": 4.67814999865368,
          "iqr_ms": 0.5586749866779428,
          "p95_ms": 6.582600006368011,
          "min_ms": 3.6931000067852437,
          "between_run_median_spread_ms": 0.35799999750452116,
          "repeat_medians_ms": [
            4.509,
            4.626,
            4.639,
            4.717,
            4.867
          ],
          "n_samples": 1500
        }
      }
    },
    "EfficientNet-B2 (teacher)": {
      "model_name": "efficientnet_b2",
      "parameters": 7708039,
      "devices": {
        "cpu": {
          "median_ms": 46.79394999402575,
          "iqr_ms": 3.107725002337247,
          "p95_ms": 55.27739999524783,
          "min_ms": 36.69160000572447,
          "between_run_median_spread_ms": 2.484549993823748,
          "repeat_medians_ms": [
            47.167,
            46.801,
            47.493,
            46.767,
            45.009
          ],
          "n_samples": 1500
        },
        "cuda": {
          "median_ms": 8.250550003140233,
          "iqr_ms": 0.8880999848770443,
          "p95_ms": 13.561500003561378,
          "min_ms": 7.142400005250238,
          "between_run_median_spread_ms": 0.14465000276686624,
          "repeat_medians_ms": [
            8.274,
            8.164,
            8.308,
            8.256,
            8.27
          ],
          "n_samples": 1500
        }
      }
    },
    "ViT-B/16 (teacher)": {
      "model_name": "vit_b_16",
      "parameters": 85802501,
      "devices": {
        "cpu": {
          "median_ms": 129.90915000409586,
          "iqr_ms": 6.673574996966636,
          "p95_ms": 141.5588999952888,
          "min_ms": 120.49909999768715,
          "between_run_median_spread_ms": 6.623250003030989,
          "repeat_medians_ms": [
            133.16,
            128.349,
            126.537,
            129.511,
            130.825
          ],
          "n_samples": 1500
        },
        "cuda": {
          "median_ms": 7.337749993894249,
          "iqr_ms": 0.2640000020619482,
          "p95_ms": 7.681999995838851,
          "min_ms": 6.772099994122982,
          "between_run_median_spread_ms": 0.3828999979305081,
          "repeat_medians_ms": [
            7.182,
            7.268,
            7.341,
            7.391,
            7.565
          ],
          "n_samples": 1500
        }
      }
    },
    "MobileNetV3-Small (student)": {
      "model_name": "mobilenet_v3_small",
      "parameters": 1522981,
      "devices": {
        "cpu": {
          "median_ms": 15.458099995157681,
          "iqr_ms": 3.938525009289151,
          "p95_ms": 21.462699995026924,
          "min_ms": 9.882099999231286,
          "between_run_median_spread_ms": 2.3708500011707656,
          "repeat_medians_ms": [
            15.503,
            14.966,
            15.188,
            15.285,
            17.337
          ],
          "n_samples": 1500
        },
        "cuda": {
          "median_ms": 3.960099995310884,
          "iqr_ms": 0.5328749975888059,
          "p95_ms": 7.607600011397153,
          "min_ms": 3.1599999929312617,
          "between_run_median_spread_ms": 0.08950001210905612,
          "repeat_medians_ms": [
            4.018,
            3.976,
            3.928,
            3.969,
            3.938
          ],
          "n_samples": 1500
        },
        "cpu_dynamic_int8": {
          "median_ms": 17.17905000259634,
          "iqr_ms": 4.862299996602815,
          "p95_ms": 22.185499998158775,
          "min_ms": 10.356400001910515,
          "between_run_median_spread_ms": 4.080999984580558,
          "repeat_medians_ms": [
            15.381,
            16.743,
            17.144,
            17.524,
            19.462
          ],
          "n_samples": 1500
        }
      }
    }
  }
}