{
  "image_size": 224,
  "warmup": 50,
  "iters": 300,
  "repeats": 5,
  "cpu_threads": 8,
  "cuda_device": "NVIDIA GeForce RTX 4070 Laptop GPU",
  "models": {
    "ResNet50 (teacher)": {
      "model_name": "resnet50",
      "parameters": 23518277,
      "devices": {
        "cpu": {
          "median_ms": 106.42970000481,
          "iqr_ms": 35.853125005814945,
          "p95_ms": 204.82119999360293,
          "min_ms": 93.33479999622796,
          "between_run_median_spread_ms": 54.597750000539236,
          "repeat_medians_ms": [
            157.55,
            143.32,
            104.311,
            103.497,
            102.952
          ],
          "n_samples": 1500
        },
        "cuda": {
          "median_ms": 4.591600001731422,
          "iqr_ms": 0.6966000000829808,
          "p95_ms": 5.785700006526895,
          "min_ms": 3.7478000012924895,
          "between_run_median_spread_ms": 0.13605000276584178,
          "repeat_medians_ms": [
            4.549,
            4.627,
            4.587,
            4.516,
            4.652
          ],
          "n_samples": 1500
        }
      }
    },
    "EfficientNet-B2 (teacher)": {
      "model_name": "efficientnet_b2",
      "parameters": 7708039,
      "devices": {
        "cpu": {
          "median_ms": 47.99030000140192,
          "iqr_ms": 3.2182750037463848,
          "p95_ms": 56.79019998933654,
          "min_ms": 41.98080000060145,
          "between_run_median_spread_ms": 1.2757000004057772,
          "repeat_medians_ms": [
            47.427,
            48.647,
            48.328,
            47.816,
            47.371
          ],
          "n_samples": 1500
        },
        "cuda": {
          "median_ms": 9.17844999639783,
          "iqr_ms": 1.1474749881017487,
          "p95_ms": 14.290000006440096,
          "min_ms": 7.480499989469536,
          "between_run_median_spread_ms": 0.5957999965175986,
          "repeat_medians_ms": [
            9.539,
            9.049,
            8.944,
            9.162,
            9.161
          ],
          "n_samples": 1500
        }
      }
    },
    "ViT-B/16 (teacher)": {
      "model_name": "vit_b_16",
      "parameters": 85802501,
      "devices": {
        "cpu": {
          "median_ms": 142.10565000394126,
          "iqr_ms": 8.946724999987055,
          "p95_ms": 156.2704000098165,
          "min_ms": 127.4764999980107,
          "between_run_median_spread_ms": 12.974500001291744,
          "repeat_medians_ms": [
            142.87,
            142.637,
            148.367,
            138.058,
            135.392
          ],
          "n_samples": 1500
        },
        "cuda": {
          "median_ms": 7.618449999426957,
          "iqr_ms": 0.09455000326852314,
          "p95_ms": 7.837299999664538,
          "min_ms": 7.511600008001551,
          "between_run_median_spread_ms": 0.02264999784529209,
          "repeat_medians_ms": [
            7.621,
            7.625,
            7.621,
            7.603,
            7.617
          ],
          "n_samples": 1500
        }
      }
    },
    "MobileNetV3-Small (student)": {
      "model_name": "mobilenet_v3_small",
      "parameters": 1522981,
      "devices": {
        "cpu": {
          "median_ms": 16.268649997073226,
          "iqr_ms": 4.346749992691912,
          "p95_ms": 22.4193999893032,
          "min_ms": 10.43039999785833,
          "between_run_median_spread_ms": 1.600349998625461,
          "repeat_medians_ms": [
            17.169,
            17.194,
            15.796,
            16.478,
            15.593
          ],
          "n_samples": 1500
        },
        "cuda": {
          "median_ms": 3.9071999926818535,
          "iqr_ms": 0.4892249926342629,
          "p95_ms": 5.034400004660711,
          "min_ms": 3.1872999970801175,
          "between_run_median_spread_ms": 0.2084500010823831,
          "repeat_medians_ms": [
            3.964,
            3.941,
            3.936,
            3.974,
            3.765
          ],
          "n_samples": 1500
        },
        "cpu_dynamic_int8": {
          "median_ms": 16.34119999653194,
          "iqr_ms": 3.529625006194692,
          "p95_ms": 21.884299989324063,
          "min_ms": 9.68519999878481,
          "between_run_median_spread_ms": 1.2302000031922944,
          "repeat_medians_ms": [
            15.722,
            16.952,
            16.259,
            16.869,
            16.135
          ],
          "n_samples": 1500
        }
      }
    }
  }
}