{
  "experiment_name": "student_quantized_cassava",
  "mode": "post_training_static",
  "backend": "fbgemm",
  "model_name": "mobilenet_v3_small",
  "num_classes": 5,
  "class_names": [
    "Cassava___bacterial_blight",
    "Cassava___brown_streak_disease",
    "Cassava___green_mottle",
    "Cassava___healthy",
    "Cassava___mosaic_disease"
  ],
  "parameters": 1522981,
  "per_channel": true,
  "calibration_seed": 1234,
  "calibration_images": 1024,
  "modules_held_in_float": [],
  "quantized_modules": {},
  "float32": {
    "accuracy": 0.8423184792770333,
    "macro_precision": 0.7431040024765992,
    "macro_recall": 0.7041807252665453,
    "macro_f1": 0.7187127451815494,
    "weighted_precision": 0.842512034216679,
    "weighted_recall": 0.8423184792770333,
    "weighted_f1": 0.8408057981650211,
    "classification_report": {
      "Cassava___bacterial_blight": {
        "precision": 0.6666666666666666,
        "recall": 0.4645161290322581,
        "f1-score": 0.5475285171102662,
        "support": 155.0
      },
      "Cassava___brown_streak_disease": {
        "precision": 0.7925925925925926,
        "recall": 0.6970684039087948,
        "f1-score": 0.7417677642980935,
        "support": 307.0
      },
      "Cassava___green_mottle": {
        "precision": 0.7066666666666667,
        "recall": 0.701058201058201,
        "f1-score": 0.703851261620186,
        "support": 378.0
      },
      "Cassava___healthy": {
        "precision": 0.6157303370786517,
        "recall": 0.7116883116883117,
        "f1-score": 0.6602409638554216,
        "support": 385.0
      },
      "Cassava___mosaic_disease": {
        "precision": 0.9338637493784187,
        "recall": 0.9465725806451613,
        "f1-score": 0.9401752190237798,
        "support": 1984.0
      },
      "accuracy": 0.8423184792770333,
      "macro avg": {
        "precision": 0.7431040024765992,
        "recall": 0.7041807252665453,
        "f1-score": 0.7187127451815494,
        "support": 3209.0
      },
      "weighted avg": {
        "precision": 0.842512034216679,
        "recall": 0.8423184792770333,
        "f1-score": 0.8408057981650211,
        "support": 3209.0
      }
    },
    "latency_ms": 28.61192199838115,
    "size_mb": 5.933481216430664
  },
  "quantized": {
    "accuracy": 0.3028980990962917,
    "macro_precision": 0.4672306566376109,
    "macro_recall": 0.30810823817312205,
    "macro_f1": 0.20592332174574518,
    "weighted_precision": 0.7533809813408909,
    "weighted_recall": 0.3028980990962917,
    "weighted_f1": 0.34005768035455247,
    "classification_report": {
      "Cassava___bacterial_blight": {
        "precision": 0.056179775280898875,
        "recall": 0.3870967741935484,
        "f1-score": 0.09811937857726902,
        "support": 155.0
      },
      "Cassava___brown_streak_disease": {
        "precision": 0.323943661971831,
        "recall": 0.0749185667752443,
        "f1-score": 0.12169312169312169,
        "support": 307.0
      },
      "Cassava___green_mottle": {
        "precision": 0.7777777777777778,
        "recall": 0.018518518518518517,
        "f1-score": 0.03617571059431524,
        "support": 378.0
      },
      "Cassava___healthy": {
        "precision": 0.20150788211103496,
        "recall": 0.7636363636363637,
        "f1-score": 0.3188720173535792,
        "support": 385.0
      },
      "Cassava___mosaic_disease": {
        "precision": 0.9767441860465116,
        "recall": 0.2963709677419355,
        "f1-score": 0.4547563805104408,
        "support": 1984.0
      },
      "accuracy": 0.3028980990962917,
      "macro avg": {
        "precision": 0.4672306566376109,
        "recall": 0.30810823817312205,
        "f1-score": 0.20592332174574518,
        "support": 3209.0
      },
      "weighted avg": {
        "precision": 0.7533809813408909,
        "recall": 0.3028980990962917,
        "f1-score": 0.34005768035455247,
        "support": 3209.0
      }
    },
    "latency_ms": 59.34631400043145,
    "size_mb": 7.417501449584961,
    "simulated": true
  },
  "accuracy_delta": -0.5394203801807416,
  "latency_speedup": 0.4821179289782537,
  "size_reduction": 0.7999299031835937
}