{
  "experiment_name": "student_quantized_cassava",
  "mode": "post_training_static",
  "backend": "fbgemm",
  "model_name": "mobilenet_v3_small",
  "num_classes": 5,
  "class_names": [
    "Cassava___bacterial_blight",
    "Cassava___brown_streak_disease",
    "Cassava___green_mottle",
    "Cassava___healthy",
    "Cassava___mosaic_disease"
  ],
  "parameters": 1522981,
  "per_channel": true,
  "calibration_images": 1024,
  "modules_held_in_float": [],
  "quantized_modules": {},
  "float32": {
    "accuracy": 0.8423184792770333,
    "macro_precision": 0.7431040024765992,
    "macro_recall": 0.7041807252665453,
    "macro_f1": 0.7187127451815494,
    "weighted_precision": 0.842512034216679,
    "weighted_recall": 0.8423184792770333,
    "weighted_f1": 0.8408057981650211,
    "classification_report": {
      "Cassava___bacterial_blight": {
        "precision": 0.6666666666666666,
        "recall": 0.4645161290322581,
        "f1-score": 0.5475285171102662,
        "support": 155.0
      },
      "Cassava___brown_streak_disease": {
        "precision": 0.7925925925925926,
        "recall": 0.6970684039087948,
        "f1-score": 0.7417677642980935,
        "support": 307.0
      },
      "Cassava___green_mottle": {
        "precision": 0.7066666666666667,
        "recall": 0.701058201058201,
        "f1-score": 0.703851261620186,
        "support": 378.0
      },
      "Cassava___healthy": {
        "precision": 0.6157303370786517,
        "recall": 0.7116883116883117,
        "f1-score": 0.6602409638554216,
        "support": 385.0
      },
      "Cassava___mosaic_disease": {
        "precision": 0.9338637493784187,
        "recall": 0.9465725806451613,
        "f1-score": 0.9401752190237798,
        "support": 1984.0
      },
      "accuracy": 0.8423184792770333,
      "macro avg": {
        "precision": 0.7431040024765992,
        "recall": 0.7041807252665453,
        "f1-score": 0.7187127451815494,
        "support": 3209.0
      },
      "weighted avg": {
        "precision": 0.842512034216679,
        "recall": 0.8423184792770333,
        "f1-score": 0.8408057981650211,
        "support": 3209.0
      }
    },
    "latency_ms": 21.603635999890685,
    "size_mb": 5.933481216430664
  },
  "quantized": {
    "accuracy": 0.3181676534746027,
    "macro_precision": 0.45738581752605595,
    "macro_recall": 0.315338589124052,
    "macro_f1": 0.21449466362391764,
    "weighted_precision": 0.7476419966180254,
    "weighted_recall": 0.3181676534746027,
    "weighted_f1": 0.35799858753527003,
    "classification_report": {
      "Cassava___bacterial_blight": {
        "precision": 0.059803921568627454,
        "recall": 0.3935483870967742,
        "f1-score": 0.10382978723404256,
        "support": 155.0
      },
      "Cassava___brown_streak_disease": {
        "precision": 0.3472222222222222,
        "recall": 0.08143322475570032,
        "f1-score": 0.13192612137203166,
        "support": 307.0
      },
      "Cassava___green_mottle": {
        "precision": 0.7,
        "recall": 0.018518518518518517,
        "f1-score": 0.03608247422680412,
        "support": 378.0
      },
      "Cassava___healthy": {
        "precision": 0.20150788211103496,
        "recall": 0.7636363636363637,
        "f1-score": 0.3188720173535792,
        "support": 385.0
      },
      "Cassava___mosaic_disease": {
        "precision": 0.9783950617283951,
        "recall": 0.31955645161290325,
        "f1-score": 0.4817629179331307,
        "support": 1984.0
      },
      "accuracy": 0.3181676534746027,
      "macro avg": {
        "precision": 0.45738581752605595,
        "recall": 0.315338589124052,
        "f1-score": 0.21449466362391764,
        "support": 3209.0
      },
      "weighted avg": {
        "precision": 0.7476419966180254,
        "recall": 0.3181676534746027,
        "f1-score": 0.35799858753527003,
        "support": 3209.0
      }
    },
    "latency_ms": 72.66857000005984,
    "size_mb": 7.417501449584961,
    "simulated": true
  },
  "accuracy_delta": -0.5241508258024306,
  "latency_speedup": 0.2972899563026064,
  "size_reduction": 0.7999299031835937
}