{
  "experiment_name": "student_quantized_cassava",
  "mode": "post_training_static",
  "backend": "fbgemm",
  "model_name": "mobilenet_v3_small",
  "num_classes": 5,
  "class_names": [
    "Cassava___bacterial_blight",
    "Cassava___brown_streak_disease",
    "Cassava___green_mottle",
    "Cassava___healthy",
    "Cassava___mosaic_disease"
  ],
  "parameters": 1522981,
  "float32": {
    "accuracy": 0.8423184792770333,
    "macro_precision": 0.7431040024765992,
    "macro_recall": 0.7041807252665453,
    "macro_f1": 0.7187127451815494,
    "weighted_precision": 0.842512034216679,
    "weighted_recall": 0.8423184792770333,
    "weighted_f1": 0.8408057981650211,
    "classification_report": {
      "Cassava___bacterial_blight": {
        "precision": 0.6666666666666666,
        "recall": 0.4645161290322581,
        "f1-score": 0.5475285171102662,
        "support": 155.0
      },
      "Cassava___brown_streak_disease": {
        "precision": 0.7925925925925926,
        "recall": 0.6970684039087948,
        "f1-score": 0.7417677642980935,
        "support": 307.0
      },
      "Cassava___green_mottle": {
        "precision": 0.7066666666666667,
        "recall": 0.701058201058201,
        "f1-score": 0.703851261620186,
        "support": 378.0
      },
      "Cassava___healthy": {
        "precision": 0.6157303370786517,
        "recall": 0.7116883116883117,
        "f1-score": 0.6602409638554216,
        "support": 385.0
      },
      "Cassava___mosaic_disease": {
        "precision": 0.9338637493784187,
        "recall": 0.9465725806451613,
        "f1-score": 0.9401752190237798,
        "support": 1984.0
      },
      "accuracy": 0.8423184792770333,
      "macro avg": {
        "precision": 0.7431040024765992,
        "recall": 0.7041807252665453,
        "f1-score": 0.7187127451815494,
        "support": 3209.0
      },
      "weighted avg": {
        "precision": 0.842512034216679,
        "recall": 0.8423184792770333,
        "f1-score": 0.8408057981650211,
        "support": 3209.0
      }
    },
    "latency_ms": 17.677805999846896,
    "size_mb": 5.933481216430664
  },
  "quantized": {
    "accuracy": 0.122156435026488,
    "macro_precision": 0.2106173046163003,
    "macro_recall": 0.20431468414689227,
    "macro_f1": 0.06048258070084095,
    "weighted_precision": 0.5392193761461654,
    "weighted_recall": 0.122156435026488,
    "weighted_f1": 0.03683399233275781,
    "classification_report": {
      "Cassava___bacterial_blight": {
        "precision": 0.0,
        "recall": 0.0,
        "f1-score": 0.0,
        "support": 155.0
      },
      "Cassava___brown_streak_disease": {
        "precision": 0.09722222222222222,
        "recall": 0.06840390879478828,
        "f1-score": 0.08030592734225621,
        "support": 307.0
      },
      "Cassava___green_mottle": {
        "precision": 0.0,
        "recall": 0.0,
        "f1-score": 0.0,
        "support": 378.0
      },
      "Cassava___healthy": {
        "precision": 0.12253096752594576,
        "recall": 0.9506493506493506,
        "f1-score": 0.21708185053380782,
        "support": 385.0
      },
      "Cassava___mosaic_disease": {
        "precision": 0.8333333333333334,
        "recall": 0.0025201612903225806,
        "f1-score": 0.005025125628140704,
        "support": 1984.0
      },
      "accuracy": 0.122156435026488,
      "macro avg": {
        "precision": 0.2106173046163003,
        "recall": 0.20431468414689227,
        "f1-score": 0.06048258070084095,
        "support": 3209.0
      },
      "weighted avg": {
        "precision": 0.5392193761461654,
        "recall": 0.122156435026488,
        "f1-score": 0.03683399233275781,
        "support": 3209.0
      }
    },
    "latency_ms": 18.39810400037095,
    "size_mb": 1.7422161102294922
  },
  "accuracy_delta": -0.7201620442505453,
  "latency_speedup": 0.9608493353168603,
  "size_reduction": 3.405709074547061
}