{
  "experiment_name": "mobilenetv3_distilled_potato_subset",
  "device": "mps",
  "teacher_model_name": "resnet18",
  "student_model_name": "mobilenet_v3_small",
  "temperature": 4.0,
  "alpha": 0.5,
  "num_classes": 3,
  "class_names": [
    "Potato___Early_blight",
    "Potato___Late_blight",
    "Potato___healthy"
  ],
  "train_samples": 1205,
  "val_samples": 258,
  "test_samples": 258,
  "accuracy": 0.9573643410852714,
  "macro_f1": 0.9265600403932401,
  "weighted_f1": 0.956525203986553,
  "classification_report": {
    "Potato___Early_blight": {
      "precision": 1.0,
      "recall": 0.9624060150375939,
      "f1-score": 0.9808429118773946,
      "support": 133.0
    },
    "Potato___Late_blight": {
      "precision": 0.9026548672566371,
      "recall": 1.0,
      "f1-score": 0.9488372093023256,
      "support": 102.0
    },
    "Potato___healthy": {
      "precision": 1.0,
      "recall": 0.7391304347826086,
      "f1-score": 0.85,
      "support": 23.0
    },
    "accuracy": 0.9573643410852714,
    "macro avg": {
      "precision": 0.967551622418879,
      "recall": 0.9005121499400675,
      "f1-score": 0.9265600403932401,
      "support": 258.0
    },
    "weighted avg": {
      "precision": 0.9615147149619264,
      "recall": 0.9573643410852714,
      "f1-score": 0.956525203986553,
      "support": 258.0
    }
  },
  "latency_ms": 3.4810384006414097
}