{
  "variants": {
    "full_int8": {
      "exempt": [],
      "per_student": [
        {
          "train_seed": 42,
          "fp32_accuracy": 99.50890116635973,
          "int8_accuracy_mean": 37.67955801104972,
          "int8_accuracy_sd": 2.1784781914812785,
          "per_calibration_draw": [
            40.56169429097606,
            38.827501534683854,
            37.139349294045424,
            34.714548802946595,
            37.15469613259669
          ]
        }
      ],
      "int8_mean": 37.67955801104972,
      "int8_sd": 0.0,
      "fp32_mean": 99.50890116635973,
      "gap_pp": -61.82934315531001
    },
    "exempt_f0": {
      "exempt": [
        "features.0"
      ],
      "per_student": [
        {
          "train_seed": 42,
          "fp32_accuracy": 99.50890116635973,
          "int8_accuracy_mean": 43.47145488029466,
          "int8_accuracy_sd": 1.5566491330525554,
          "per_calibration_draw": [
            44.53652547575199,
            44.797421731123386,
            43.538980969920196,
            40.86863106200123,
            43.61571516267649
          ]
        }
      ],
      "int8_mean": 43.47145488029466,
      "int8_sd": 0.0,
      "fp32_mean": 99.50890116635973,
      "gap_pp": -56.03744628606508
    },
    "exempt_f0_f1": {
      "exempt": [
        "features.0",
        "features.1"
      ],
      "per_student": [
        {
          "train_seed": 42,
          "fp32_accuracy": 99.50890116635973,
          "int8_accuracy_mean": 99.43216697360343,
          "int8_accuracy_sd": 0.028711305914468133,
          "per_calibration_draw": [
            99.46286065070595,
            99.41682013505218,
            99.46286065070595,
            99.41682013505218,
            99.40147329650092
          ]
        }
      ],
      "int8_mean": 99.43216697360343,
      "int8_sd": 0.0,
      "fp32_mean": 99.50890116635973,
      "gap_pp": -0.07673419275630522
    }
  },
  "train_seeds": [
    42
  ],
  "calibration_seeds": [
    1234,
    1235,
    1236,
    1237,
    1238
  ]
}