{
  "experiment_name": "teacher_resnet50_potato_subset",
  "device": "mps",
  "model_name": "resnet50",
  "num_classes": 3,
  "class_names": [
    "Potato___Early_blight",
    "Potato___Late_blight",
    "Potato___healthy"
  ],
  "train_samples": 1205,
  "val_samples": 258,
  "test_samples": 258,
  "accuracy": 0.9922480620155039,
  "macro_f1": 0.9822392725206024,
  "weighted_f1": 0.9922480620155039,
  "classification_report": {
    "Potato___Early_blight": {
      "precision": 1.0,
      "recall": 1.0,
      "f1-score": 1.0,
      "support": 133.0
    },
    "Potato___Late_blight": {
      "precision": 0.9901960784313726,
      "recall": 0.9901960784313726,
      "f1-score": 0.9901960784313726,
      "support": 102.0
    },
    "Potato___healthy": {
      "precision": 0.9565217391304348,
      "recall": 0.9565217391304348,
      "f1-score": 0.9565217391304348,
      "support": 23.0
    },
    "accuracy": 0.9922480620155039,
    "macro avg": {
      "precision": 0.9822392725206024,
      "recall": 0.9822392725206024,
      "f1-score": 0.9822392725206024,
      "support": 258.0
    },
    "weighted avg": {
      "precision": 0.9922480620155039,
      "recall": 0.9922480620155039,
      "f1-score": 0.9922480620155039,
      "support": 258.0
    }
  },
  "latency_ms": 4.652368379756808
}