{
  "experiment_name": "supervised_seed45",
  "device": "cuda",
  "model_name": "mobilenet_v3_small",
  "pretrained": true,
  "init_checkpoint": null,
  "init_loaded_tensors": 0,
  "init_skipped_tensors": 0,
  "num_classes": 5,
  "class_names": [
    "Cassava___bacterial_blight",
    "Cassava___brown_streak_disease",
    "Cassava___green_mottle",
    "Cassava___healthy",
    "Cassava___mosaic_disease"
  ],
  "train_samples": 14979,
  "val_samples": 3209,
  "test_samples": 3209,
  "accuracy": 0.8311000311623559,
  "macro_precision": 0.7223653464150662,
  "macro_recall": 0.6835660833986199,
  "macro_f1": 0.7016294599984543,
  "weighted_precision": 0.8239664912704068,
  "weighted_recall": 0.8311000311623559,
  "weighted_f1": 0.8265334331818117,
  "classification_report": {
    "Cassava___bacterial_blight": {
      "precision": 0.5815602836879432,
      "recall": 0.5290322580645161,
      "f1-score": 0.5540540540540541,
      "support": 155.0
    },
    "Cassava___brown_streak_disease": {
      "precision": 0.7383512544802867,
      "recall": 0.6710097719869706,
      "f1-score": 0.7030716723549488,
      "support": 307.0
    },
    "Cassava___green_mottle": {
      "precision": 0.7313432835820896,
      "recall": 0.6481481481481481,
      "f1-score": 0.6872370266479664,
      "support": 378.0
    },
    "Cassava___healthy": {
      "precision": 0.6537396121883656,
      "recall": 0.612987012987013,
      "f1-score": 0.6327077747989276,
      "support": 385.0
    },
    "Cassava___mosaic_disease": {
      "precision": 0.906832298136646,
      "recall": 0.9566532258064516,
      "f1-score": 0.9310767721363747,
      "support": 1984.0
    },
    "accuracy": 0.8311000311623559,
    "macro avg": {
      "precision": 0.7223653464150662,
      "recall": 0.6835660833986199,
      "f1-score": 0.7016294599984543,
      "support": 3209.0
    },
    "weighted avg": {
      "precision": 0.8239664912704068,
      "recall": 0.8311000311623559,
      "f1-score": 0.8265334331818117,
      "support": 3209.0
    }
  },
  "latency_ms": 6.147905999823706
}