{
  "experiment_name": "mobilenetv3_distilled_resnet50_potato_subset",
  "device": "mps",
  "teacher_model_name": "resnet50",
  "student_model_name": "mobilenet_v3_small",
  "temperature": 4.0,
  "alpha": 0.5,
  "num_classes": 3,
  "class_names": [
    "Potato___Early_blight",
    "Potato___Late_blight",
    "Potato___healthy"
  ],
  "train_samples": 1205,
  "val_samples": 258,
  "test_samples": 258,
  "accuracy": 0.9341085271317829,
  "macro_f1": 0.8829419759652318,
  "weighted_f1": 0.9319194595019366,
  "classification_report": {
    "Potato___Early_blight": {
      "precision": 1.0,
      "recall": 0.9398496240601504,
      "f1-score": 0.9689922480620154,
      "support": 133.0
    },
    "Potato___Late_blight": {
      "precision": 0.8571428571428571,
      "recall": 1.0,
      "f1-score": 0.9230769230769231,
      "support": 102.0
    },
    "Potato___healthy": {
      "precision": 1.0,
      "recall": 0.6086956521739131,
      "f1-score": 0.7567567567567568,
      "support": 23.0
    },
    "accuracy": 0.9341085271317829,
    "macro avg": {
      "precision": 0.9523809523809524,
      "recall": 0.8495150920780211,
      "f1-score": 0.8829419759652318,
      "support": 258.0
    },
    "weighted avg": {
      "precision": 0.9435215946843855,
      "recall": 0.9341085271317829,
      "f1-score": 0.9319194595019366,
      "support": 258.0
    }
  },
  "latency_ms": 3.5410991008393466
}