{
  "experiment_name": "resnet18_potato_subset",
  "device": "mps",
  "model_name": "resnet18",
  "num_classes": 3,
  "class_names": [
    "Potato___Early_blight",
    "Potato___Late_blight",
    "Potato___healthy"
  ],
  "train_samples": 1205,
  "val_samples": 258,
  "test_samples": 258,
  "accuracy": 0.9806201550387597,
  "macro_f1": 0.9589539990126213,
  "weighted_f1": 0.9800295672587511,
  "classification_report": {
    "Potato___Early_blight": {
      "precision": 0.9925373134328358,
      "recall": 1.0,
      "f1-score": 0.9962546816479401,
      "support": 133.0
    },
    "Potato___Late_blight": {
      "precision": 0.9619047619047619,
      "recall": 0.9901960784313726,
      "f1-score": 0.9758454106280193,
      "support": 102.0
    },
    "Potato___healthy": {
      "precision": 1.0,
      "recall": 0.8260869565217391,
      "f1-score": 0.9047619047619048,
      "support": 23.0
    },
    "accuracy": 0.9806201550387597,
    "macro avg": {
      "precision": 0.9848140251125326,
      "recall": 0.9387610116510373,
      "f1-score": 0.9589539990126213,
      "support": 258.0
    },
    "weighted avg": {
      "precision": 0.9810920480653212,
      "recall": 0.9806201550387597,
      "f1-score": 0.9800295672587511,
      "support": 258.0
    }
  },
  "latency_ms": 1.776500720588956
}