{
  "experiment_name": "student_quantized_cassava_dynamic",
  "mode": "post_training_dynamic",
  "backend": "fbgemm",
  "model_name": "mobilenet_v3_small",
  "num_classes": 5,
  "class_names": [
    "Cassava___bacterial_blight",
    "Cassava___brown_streak_disease",
    "Cassava___green_mottle",
    "Cassava___healthy",
    "Cassava___mosaic_disease"
  ],
  "parameters": 1522981,
  "per_channel": null,
  "calibration_seeds": null,
  "per_calibration_draw": [
    {
      "calibration_seed": null,
      "accuracy": 0.8448114677469617,
      "macro_precision": 0.7462265391933325,
      "macro_recall": 0.7087801889146194,
      "macro_f1": 0.724505943912633,
      "weighted_precision": 0.8429235137387053,
      "weighted_recall": 0.8448114677469617,
      "weighted_f1": 0.8426836202688283
    }
  ],
  "quantized_aggregate": {
    "accuracy": {
      "mean": 0.8448114677469617,
      "sd": 0.0,
      "min": 0.8448114677469617,
      "max": 0.8448114677469617
    },
    "macro_precision": {
      "mean": 0.7462265391933325,
      "sd": 0.0,
      "min": 0.7462265391933325,
      "max": 0.7462265391933325
    },
    "macro_recall": {
      "mean": 0.7087801889146194,
      "sd": 0.0,
      "min": 0.7087801889146194,
      "max": 0.7087801889146194
    },
    "macro_f1": {
      "mean": 0.724505943912633,
      "sd": 0.0,
      "min": 0.724505943912633,
      "max": 0.724505943912633
    }
  },
  "calibration_images": null,
  "modules_held_in_float": [],
  "quantized_modules": {
    "quantized_linear": 2,
    "float_conv2d_remaining": 52
  },
  "float32": {
    "accuracy": 0.8451230913057027,
    "macro_precision": 0.7477274416109884,
    "macro_recall": 0.7097279635115876,
    "macro_f1": 0.7257049373552874,
    "weighted_precision": 0.8432187568250968,
    "weighted_recall": 0.8451230913057027,
    "weighted_f1": 0.8429741244632913,
    "classification_report": {
      "Cassava___bacterial_blight": {
        "precision": 0.6416666666666667,
        "recall": 0.4967741935483871,
        "f1-score": 0.56,
        "support": 155.0
      },
      "Cassava___brown_streak_disease": {
        "precision": 0.7722419928825622,
        "recall": 0.7068403908794788,
        "f1-score": 0.7380952380952381,
        "support": 307.0
      },
      "Cassava___green_mottle": {
        "precision": 0.7728613569321534,
        "recall": 0.6931216931216931,
        "f1-score": 0.7308228730822873,
        "support": 378.0
      },
      "Cassava___healthy": {
        "precision": 0.6264501160092807,
        "recall": 0.7012987012987013,
        "f1-score": 0.6617647058823529,
        "support": 385.0
      },
      "Cassava___mosaic_disease": {
        "precision": 0.9254170755642787,
        "recall": 0.9506048387096774,
        "f1-score": 0.9378418697165589,
        "support": 1984.0
      },
      "accuracy": 0.8451230913057027,
      "macro avg": {
        "precision": 0.7477274416109884,
        "recall": 0.7097279635115876,
        "f1-score": 0.7257049373552874,
        "support": 3209.0
      },
      "weighted avg": {
        "precision": 0.8432187568250968,
        "recall": 0.8451230913057027,
        "f1-score": 0.8429741244632913,
        "support": 3209.0
      }
    },
    "latency_ms": 19.5455039999797,
    "size_mb": 5.933481216430664
  },
  "quantized": {
    "accuracy": 0.8448114677469617,
    "macro_precision": 0.7462265391933325,
    "macro_recall": 0.7087801889146194,
    "macro_f1": 0.724505943912633,
    "latency_ms": 20.613309999462217,
    "size_mb": 4.232789993286133,
    "simulated": false
  },
  "accuracy_delta": -0.00031162355874103653,
  "latency_speedup": 0.9481982272856531,
  "size_reduction": 1.4017896531229033
}