fold,accuracy,macro_f1,weighted_f1
1,0.8199831759977568,0.6918718776674163,0.8197143421669
2,0.8090297251822771,0.6668947175618893,0.8050811713094582
mean,0.814506450590017,0.6793832976146528,0.812397756738179
std,0.0077452593490190255,0.017661519285400225,0.010347214343558432
