{
  "experiment_name": "student_quantized_cassava_mixed",
  "mode": "post_training_static_mixed",
  "backend": "fbgemm",
  "model_name": "mobilenet_v3_small",
  "num_classes": 5,
  "class_names": [
    "Cassava___bacterial_blight",
    "Cassava___brown_streak_disease",
    "Cassava___green_mottle",
    "Cassava___healthy",
    "Cassava___mosaic_disease"
  ],
  "parameters": 1522981,
  "per_channel": true,
  "calibration_seed": 1234,
  "calibration_images": 1024,
  "modules_held_in_float": [
    "SqueezeExcitation (all blocks)"
  ],
  "quantized_modules": {},
  "float32": {
    "accuracy": 0.8423184792770333,
    "macro_precision": 0.7431040024765992,
    "macro_recall": 0.7041807252665453,
    "macro_f1": 0.7187127451815494,
    "weighted_precision": 0.842512034216679,
    "weighted_recall": 0.8423184792770333,
    "weighted_f1": 0.8408057981650211,
    "classification_report": {
      "Cassava___bacterial_blight": {
        "precision": 0.6666666666666666,
        "recall": 0.4645161290322581,
        "f1-score": 0.5475285171102662,
        "support": 155.0
      },
      "Cassava___brown_streak_disease": {
        "precision": 0.7925925925925926,
        "recall": 0.6970684039087948,
        "f1-score": 0.7417677642980935,
        "support": 307.0
      },
      "Cassava___green_mottle": {
        "precision": 0.7066666666666667,
        "recall": 0.701058201058201,
        "f1-score": 0.703851261620186,
        "support": 378.0
      },
      "Cassava___healthy": {
        "precision": 0.6157303370786517,
        "recall": 0.7116883116883117,
        "f1-score": 0.6602409638554216,
        "support": 385.0
      },
      "Cassava___mosaic_disease": {
        "precision": 0.9338637493784187,
        "recall": 0.9465725806451613,
        "f1-score": 0.9401752190237798,
        "support": 1984.0
      },
      "accuracy": 0.8423184792770333,
      "macro avg": {
        "precision": 0.7431040024765992,
        "recall": 0.7041807252665453,
        "f1-score": 0.7187127451815494,
        "support": 3209.0
      },
      "weighted avg": {
        "precision": 0.842512034216679,
        "recall": 0.8423184792770333,
        "f1-score": 0.8408057981650211,
        "support": 3209.0
      }
    },
    "latency_ms": 27.181981999310665,
    "size_mb": 5.933481216430664
  },
  "quantized": {
    "accuracy": 0.30944219382985355,
    "macro_precision": 0.476404850196544,
    "macro_recall": 0.3103379189163181,
    "macro_f1": 0.20740510587699248,
    "weighted_precision": 0.7576366157164309,
    "weighted_recall": 0.30944219382985355,
    "weighted_f1": 0.34666643021339355,
    "classification_report": {
      "Cassava___bacterial_blight": {
        "precision": 0.058365758754863814,
        "recall": 0.3870967741935484,
        "f1-score": 0.1014370245139476,
        "support": 155.0
      },
      "Cassava___brown_streak_disease": {
        "precision": 0.3157894736842105,
        "recall": 0.0781758957654723,
        "f1-score": 0.12532637075718014,
        "support": 307.0
      },
      "Cassava___green_mottle": {
        "precision": 0.8333333333333334,
        "recall": 0.013227513227513227,
        "f1-score": 0.026041666666666668,
        "support": 378.0
      },
      "Cassava___healthy": {
        "precision": 0.20013568521031208,
        "recall": 0.7662337662337663,
        "f1-score": 0.31737493275954815,
        "support": 385.0
      },
      "Cassava___mosaic_disease": {
        "precision": 0.9744,
        "recall": 0.3069556451612903,
        "f1-score": 0.4668455346876198,
        "support": 1984.0
      },
      "accuracy": 0.30944219382985355,
      "macro avg": {
        "precision": 0.476404850196544,
        "recall": 0.3103379189163181,
        "f1-score": 0.20740510587699248,
        "support": 3209.0
      },
      "weighted avg": {
        "precision": 0.7576366157164309,
        "recall": 0.30944219382985355,
        "f1-score": 0.34666643021339355,
        "support": 3209.0
      }
    },
    "latency_ms": 57.2688620002009,
    "size_mb": 6.932130813598633,
    "simulated": true
  },
  "accuracy_delta": -0.5328762854471798,
  "latency_speedup": 0.47463806770274763,
  "size_reduction": 0.8559390144212315
}